data,label
"[array([-80.93423  ,  84.780525 , -31.534628 ,  33.90174  , -19.836761 ,
        23.553934 , -22.136858 ,  20.0265   , -16.764809 ,  19.219479 ,
       -13.098828 ,  11.502167 , -10.718428 ,  10.579796 ,  -8.420744 ,
         7.3195724,  -5.3723483,   7.692515 ,  -5.549921 ,   1.5127794],
      dtype=float32)]",hiphop
"[array([-8.1234909e+01,  4.9593636e+01, -1.4547480e+01,  5.7964966e+01,
        6.8197689e+00,  2.7149471e+01, -6.8581371e+00,  3.1304558e+01,
       -1.0085702e+01,  2.0306627e+01, -2.5411096e+00,  1.2749884e+01,
        3.9834008e+00,  1.3237081e+01, -2.3675618e+00,  1.2267019e+01,
       -7.0323944e+00,  4.7449813e+00,  1.8698170e+00,  2.8270748e-02],
      dtype=float32)]",hiphop
"[array([-202.88803   ,  132.37215   ,   12.0172825 ,   43.746815  ,
        -10.215273  ,   17.121582  ,  -13.547271  ,   15.044368  ,
        -16.248148  ,    9.423361  ,  -11.636703  ,    7.048088  ,
         -4.321259  ,    0.82388294,   -5.6068845 ,    1.2609922 ,
         -6.9671044 ,    0.39286578,   -2.4253883 ,   -2.932968  ],
      dtype=float32)]",hiphop
"[array([-40.30154   ,  80.84724   , -25.67689   ,  38.443054  ,
       -11.072825  ,  24.89941   ,  -7.373214  ,  26.759275  ,
        -5.30603   ,  16.782677  ,  -3.5075712 ,   8.458928  ,
        -5.6017284 ,  12.050404  ,  -1.8917377 ,  10.464018  ,
         0.642753  ,   0.26245174,  -5.0987406 ,  -4.019602  ],
      dtype=float32)]",hiphop
"[array([-140.16278   ,   71.62643   ,   -3.7887418 ,   38.988525  ,
          4.189599  ,   31.528362  ,   -3.9393039 ,   19.742453  ,
         -3.7496216 ,   16.006994  ,   -3.1765268 ,   11.83397   ,
         -1.247125  ,    5.767767  ,    1.2916698 ,    1.6718789 ,
         -0.83026874,    1.6229786 ,   -4.0859265 ,    1.1263291 ],
      dtype=float32)]",hiphop
"[array([-11.706974  ,  81.97666   ,  -8.50863   ,  52.77378   ,
       -14.69211   ,  31.962574  , -19.680723  ,  22.857765  ,
       -14.704154  ,  14.509826  , -10.078541  ,  14.002207  ,
        -8.07207   ,   7.4281483 ,  -5.495323  ,  12.837337  ,
        -3.6954393 ,   6.2187123 ,  -2.584942  ,   0.10216535],
      dtype=float32)]",hiphop
"[array([-59.565926  ,  63.92967   ,   3.4871747 ,  45.23575   ,
        -1.1528624 ,  28.24374   , -13.170861  ,  23.591469  ,
        -6.623231  ,  16.47062   ,  -7.2728996 ,  14.477064  ,
        -5.800775  ,   8.173893  ,  -6.858706  ,   6.7351756 ,
        -4.4826007 ,   0.95316166,  -7.1244917 ,  -1.2569647 ],
      dtype=float32)]",hiphop
"[array([-58.496304  , 103.04962   ,  -7.211679  ,  44.861687  ,
        -8.600805  ,  12.351103  , -13.741838  ,  19.971472  ,
       -13.119663  ,  17.136522  ,  -3.9439182 ,  15.57406   ,
        -0.4531827 ,   6.926793  ,  -6.032184  ,   5.6364055 ,
        -3.1755676 ,   1.8142024 ,  -2.5621526 ,   0.11353252],
      dtype=float32)]",hiphop
"[array([-111.1565   ,   55.170074 ,  -18.427658 ,   47.191257 ,
        -24.79131  ,   22.537811 ,  -21.141804 ,   12.53944  ,
        -15.870398 ,   16.290926 ,  -12.56634  ,    9.6244955,
        -12.129928 ,    4.8603306,   -2.2085428,    6.8882775,
          0.4771722,   12.992372 ,    5.9447727,    5.44095  ],
      dtype=float32)]",hiphop
"[array([-9.4945847e+01,  9.4214798e+01, -2.5425854e+00,  4.9543236e+01,
       -6.6089058e+00,  3.3220383e+01, -7.6315680e+00,  2.0948034e+01,
       -8.8709202e+00,  1.6786116e+01, -5.2582693e+00,  1.0763062e+01,
       -3.4743650e+00,  7.2955852e+00, -3.4523704e+00,  3.8399713e+00,
       -3.2529211e+00,  1.7923428e+00,  7.6545872e-02,  3.9815254e+00],
      dtype=float32)]",hiphop
"[array([-67.46242   ,  94.84827   , -38.84963   ,  37.633415  ,
       -12.246916  ,  36.890293  , -12.640728  ,  18.295763  ,
        -8.845362  ,  17.97754   ,  -7.2741294 ,   9.713927  ,
        -8.736391  ,   4.5039    ,  -7.5942483 ,   0.21276525,
        -4.881601  ,   4.8451633 ,  -1.9947603 ,  -0.7381979 ],
      dtype=float32)]",hiphop
"[array([-74.21385  , 104.603294 ,  -8.389851 ,  49.65144  ,  -9.374009 ,
        21.451525 , -16.336187 ,  18.77991  , -13.071929 ,  18.470474 ,
       -14.949953 ,   6.8847446, -15.329198 ,   4.7792454, -11.102331 ,
         4.739863 ,  -2.8093808,   6.800127 ,  -5.8098483,  -3.7738276],
      dtype=float32)]",hiphop
"[array([-67.06468   , 112.4042    , -23.642937  ,  44.27391   ,
       -18.864435  ,  23.87318   , -13.402471  ,  20.14637   ,
       -10.64462   ,  20.617968  ,  -7.5052667 ,  14.423792  ,
        -9.388905  ,  11.289869  ,  -8.865541  ,   7.08106   ,
         0.44676352,   9.378615  ,  -0.8929118 ,  -0.57676893],
      dtype=float32)]",hiphop
"[array([-129.32367  ,  141.7129   ,  -42.47719  ,   34.013855 ,
         -6.9758534,    8.702186 ,  -11.367335 ,   15.941672 ,
         -9.015237 ,    6.635536 ,   -8.340363 ,    7.5527344,
         -5.472687 ,    5.869146 ,   -3.1564074,   -1.6924474,
         -8.804316 ,   -4.851142 ,   -9.280404 ,    2.128211 ],
      dtype=float32)]",hiphop
"[array([-51.30058   ,  91.1179    , -33.764687  ,  69.9305    ,
       -12.937068  ,  23.175821  , -13.755631  ,  23.7831    ,
       -14.731517  ,  10.696287  , -13.47249   ,   6.080384  ,
       -14.718082  ,   1.6842011 ,  -7.2441125 ,   3.9613547 ,
        -2.6555943 ,   7.552985  ,  -0.13239107,  -0.72255474],
      dtype=float32)]",hiphop
"[array([-81.904236 ,  94.720695 , -16.211037 ,  40.537342 , -12.241579 ,
        28.193031 , -20.108301 ,  18.112103 , -14.630498 ,  14.179908 ,
        -7.2731595,  13.656333 ,  -8.495124 ,   7.8997865,  -4.828517 ,
         5.1057014,  -5.877637 ,   2.075965 ,  -5.662679 ,  -1.3687439],
      dtype=float32)]",hiphop
"[array([-88.141426  ,  77.38236   , -19.072306  ,  51.598656  ,
       -11.7594    ,  22.23447   ,  -4.727125  ,  20.125822  ,
        -8.3214035 ,  14.612495  ,  -3.8051765 ,   8.59063   ,
       -11.454931  ,   2.1611478 , -12.679551  ,   0.3943124 ,
         0.97560227,  10.530947  ,   7.629914  ,   4.391355  ],
      dtype=float32)]",hiphop
"[array([-76.79857  ,  98.390625 ,  -5.0479903,  49.339622 , -10.298393 ,
        33.28461  ,  -9.9737   ,  17.609251 , -12.237133 ,  18.658957 ,
       -10.978353 ,  11.509188 , -10.487104 ,   6.2597446,  -6.9740686,
         2.4984548,  -4.895601 ,   5.457154 ,  -1.8284396,   0.6430391],
      dtype=float32)]",hiphop
"[array([-113.53241  ,   68.488365 ,  -15.747566 ,   56.377018 ,
         -8.181871 ,   27.015606 ,  -12.3755245,   20.661098 ,
        -12.6683   ,   15.433944 ,  -10.997764 ,   14.044764 ,
        -12.50229  ,    7.403809 ,  -13.326708 ,   -0.2417693,
        -12.049074 ,    3.820072 ,   -2.6744127,    5.6393175],
      dtype=float32)]",hiphop
"[array([-64.75484  ,  88.22647  , -10.355254 ,  41.795155 ,  -2.5577855,
        22.908054 ,  -6.495011 ,  16.630516 ,  -5.802398 ,  13.089849 ,
        -6.9133754,   3.0193245,  -9.770441 ,   2.3416917,  -7.051864 ,
         3.197937 ,   1.7190007,   6.080633 ,   0.3668637,  -3.036669 ],
      dtype=float32)]",hiphop
"[array([-122.26182   ,   50.57139   ,  -27.801025  ,   66.58031   ,
         -6.6053147 ,   32.071156  ,   -8.241498  ,   22.45073   ,
         -6.943716  ,   21.067606  ,   -6.176521  ,   13.646001  ,
         -3.098721  ,    8.706402  ,   -2.9165342 ,    3.6900396 ,
          0.28579843,   12.88693   ,   14.645563  ,   15.36167   ],
      dtype=float32)]",hiphop
"[array([-27.65653 ,  94.36548 , -20.578146,  49.886658, -14.699281,
        23.853004, -17.633308,  24.027565, -15.87746 ,  16.434723,
       -10.632629,  13.892767, -10.462795,   8.212202, -10.292511,
         5.016802,  -5.758277,  10.31377 ,   3.622611,   9.19917 ],
      dtype=float32)]",hiphop
"[array([-100.64651  ,  110.216705 ,    1.0290091,   38.75422  ,
        -14.497625 ,   20.640646 ,  -18.037575 ,   12.566879 ,
        -14.129199 ,   15.096194 ,   -9.24337  ,   11.397926 ,
         -9.50886  ,    8.637582 ,   -7.0989614,    2.990537 ,
         -4.511331 ,    4.692607 ,   -4.1138387,   -2.7817705],
      dtype=float32)]",hiphop
"[array([-44.723373 , 101.193695 , -26.262499 ,  52.928112 , -11.71543  ,
        26.944754 , -13.282815 ,  20.712088 , -17.486723 ,  11.86288  ,
       -10.666727 ,   8.381841 , -15.426938 ,   4.8783975, -10.051116 ,
         4.564088 ,  -1.9918473,   7.9792347,   1.2123257,   1.3652087],
      dtype=float32)]",hiphop
"[array([-63.147476 ,  86.30365  , -37.95675  ,  39.56944  , -16.530737 ,
        21.098028 , -12.261162 ,  13.075491 , -12.380371 ,  16.627066 ,
        -3.9949179,   8.840082 ,  -6.322553 ,   5.698435 ,  -6.304396 ,
         2.3077388,  -0.8495546,   6.523471 ,   4.6868777,   4.405478 ],
      dtype=float32)]",hiphop
"[array([-44.338444  ,  93.38643   , -22.309427  ,  48.852543  ,
       -13.904016  ,  34.413067  ,  -6.32592   ,  25.873789  ,
       -12.339953  ,  20.430222  ,  -5.7629786 ,  11.865527  ,
       -11.55436   ,  10.151673  ,  -3.9578185 ,  10.602381  ,
         0.83757424,   9.2124815 ,   1.7233537 ,  -0.21945429],
      dtype=float32)]",hiphop
"[array([-102.89939   ,   30.651878  ,   20.850288  ,   45.66796   ,
          9.681037  ,    8.775831  ,    1.5652864 ,   12.388126  ,
          0.55941296,    5.1369996 ,   -2.7244704 ,    8.163298  ,
         -1.3305277 ,    3.326149  ,    1.2415822 ,    3.23453   ,
         -2.711045  ,    5.7488914 ,   -0.7238461 ,    2.7033617 ],
      dtype=float32)]",hiphop
"[array([-109.31013   ,   76.754234  ,    2.786183  ,   19.187447  ,
          0.56318575,    8.245012  ,   -8.03061   ,    6.0124817 ,
         -4.275914  ,    3.6560717 ,   -1.5355548 ,    2.6638358 ,
          2.283866  ,    2.864195  ,   -5.218628  ,    5.35988   ,
         -6.171876  ,    2.2480874 ,   -2.446409  ,   -5.933982  ],
      dtype=float32)]",hiphop
"[array([-83.2537   ,  67.73527  ,   1.2410202,  29.653978 ,  12.586731 ,
         5.6169643,   6.2087727,   8.087188 ,  -4.7669544,   7.666656 ,
        -1.1727865,   4.248984 ,   1.9444281,   1.0314817,   2.3869328,
         3.1086676,  -8.0600195,   1.6635858,  -1.6524816,  -3.2803755],
      dtype=float32)]",hiphop
"[array([-72.31159   ,  57.15118   ,   5.8386006 ,  25.909645  ,
         6.706988  ,  11.402707  ,   5.0632772 ,  10.026864  ,
         0.9482092 ,   8.561545  ,  -1.6964636 ,   6.0592165 ,
         0.21398926,   5.043593  ,  -1.9047036 ,   6.2093773 ,
         0.2189392 ,   4.175263  ,   0.2955493 ,   5.9076376 ],
      dtype=float32)]",hiphop
"[array([-23.859095  ,  43.71672   ,  30.558304  ,  26.47368   ,
         4.3383617 ,  21.920883  ,   2.5954418 ,   7.001879  ,
        -1.4912325 ,   4.5795946 ,   0.41853642,   2.4708798 ,
        -4.068917  ,  -2.0178864 ,  -3.5649893 ,  -0.12549086,
        -2.4735868 ,  -1.0351753 ,  -4.772616  ,  -2.615393  ],
      dtype=float32)]",hiphop
"[array([-2.5108788e+01,  6.0825592e+01, -4.1871734e+00,  1.4848390e+01,
        6.7950230e+00,  6.0983334e+00,  1.5451296e+01,  3.7847345e+00,
        5.6598086e+00,  1.0247507e+01,  8.6333078e-01,  4.1838894e+00,
        9.2620492e-01,  3.2527385e+00,  2.1559037e-01,  2.6983185e+00,
        7.0473069e-01,  8.9628994e-01,  3.6175922e-01, -6.4073214e-03],
      dtype=float32)]",hiphop
"[array([-148.12135   ,   90.56765   ,   -0.2753232 ,   28.855238  ,
         19.306164  ,   15.245029  ,    4.2814665 ,   15.519956  ,
          1.2726042 ,   11.129076  ,    8.849079  ,    6.316172  ,
          1.6312523 ,    1.4264013 ,   -3.4119391 ,    1.1954081 ,
         -0.72351336,    0.7817317 ,   -0.45094883,    1.7203565 ],
      dtype=float32)]",hiphop
"[array([-31.762894  ,  59.701424  ,  -2.744976  ,  33.420628  ,
        13.097368  ,   9.410452  ,  -1.7237393 ,  14.170766  ,
         3.0802038 ,   6.734939  ,   1.0862203 ,   3.8186073 ,
         1.6549314 ,   1.2265053 ,  -1.4983952 ,  -0.13912651,
        -1.5426289 ,   1.7986809 ,   1.547485  ,  -2.3022916 ],
      dtype=float32)]",hiphop
"[array([ 5.626782  , 53.15753   , -9.091201  , 26.983356  ,  0.5944695 ,
       15.572928  ,  1.6008061 ,  7.68756   ,  4.9796963 ,  8.549695  ,
        3.3433354 ,  8.506849  ,  1.0881997 ,  4.908385  ,  0.84711295,
        3.3546793 , -2.9016843 ,  2.7760177 , -1.8038847 , -0.28592327],
      dtype=float32)]",hiphop
"[array([-100.84442  ,   64.227585 ,   12.814461 ,   26.545551 ,
         12.6584   ,   12.176756 ,    2.3962328,   18.495611 ,
          1.5657251,   12.027026 ,   -1.5520722,    6.7103066,
          3.8736312,    3.0808942,    1.7625954,    4.565472 ,
         -2.3719351,    5.457307 ,    2.7904289,    3.6488392],
      dtype=float32)]",hiphop
"[array([-218.08333  ,   40.829613 ,  -14.313482 ,   33.910255 ,
         12.158746 ,   13.611059 ,    5.877001 ,    7.524019 ,
          5.3885093,   10.563416 ,    4.7587986,    6.447478 ,
          6.524984 ,    5.527981 ,    2.595776 ,   -1.6815468,
         -1.6427519,    3.3167622,    5.2164116,    4.0430613],
      dtype=float32)]",hiphop
"[array([-95.94046   ,  30.268175  ,   2.6401818 ,  12.595183  ,
       -11.173503  ,  -2.2091284 ,  -3.686765  ,  -7.669313  ,
        -5.387625  ,  -0.7307738 ,  -4.0471606 ,  -3.0586393 ,
        -4.9752517 ,  -3.2091753 ,  -4.2563944 ,  -2.6788945 ,
        -3.5295167 ,  -0.41617733,  -2.9791667 ,   2.3001385 ],
      dtype=float32)]",hiphop
"[array([-6.1835876e+01,  7.2131081e+01, -1.6305073e+01,  2.7443157e+01,
        5.2088065e+00,  1.4985305e+00,  3.9459920e+00,  8.3317003e+00,
       -2.1303649e+00,  5.8373542e+00,  4.6645932e-02, -4.3664661e-01,
       -7.8647792e-01, -1.6246748e+00, -7.4162804e-02,  3.2369440e+00,
        6.8925571e-01,  1.0858523e+00, -1.1185853e+00, -3.2701938e+00],
      dtype=float32)]",hiphop
"[array([-1.2094078e+02,  7.7271294e+01,  2.9065611e+01,  1.0437187e+01,
        3.5667603e+00,  5.3683963e+00,  5.1985559e+00, -8.0171788e-01,
        1.3497727e+00,  2.3029740e+00,  3.0739121e+00,  1.1976855e+00,
       -6.7196214e-01, -4.9405689e+00, -6.1678477e-02, -4.4861002e+00,
       -2.2154818e+00, -1.3785951e+00, -3.0809281e+00, -7.3577328e+00],
      dtype=float32)]",hiphop
"[array([-182.9864    ,   95.955444  ,   43.948254  ,   13.522106  ,
          5.9876814 ,   -3.019344  ,    3.0836813 ,   -9.802795  ,
         -3.7693412 ,    5.308352  ,   -1.0465811 ,    7.543807  ,
          5.8555245 ,   -0.29765427,    0.49955556,    0.76312566,
         -5.5287404 ,   -5.2310967 ,   -3.3074722 ,   -5.085406  ],
      dtype=float32)]",hiphop
"[array([-7.7004059e+01,  6.8319458e+01, -6.4739150e-01,  3.0709860e+01,
        3.9499156e+00,  5.4936361e+00,  3.3855941e+00,  3.0454907e+00,
        5.6489220e+00,  4.7247949e+00,  4.2856207e+00,  3.4607201e+00,
        2.8874722e+00,  1.4367249e+00, -2.2967932e+00, -2.5643852e+00,
       -5.0145822e+00, -3.9645009e+00, -5.7228184e+00, -4.0206723e-02],
      dtype=float32)]",hiphop
"[array([-74.73161  ,  48.89044  ,   3.8210833,  36.29552  ,  12.96853  ,
        13.447174 ,   9.112768 ,  12.724713 ,   2.4919138,  12.091033 ,
         8.99561  ,   3.9080641,   4.785855 ,   1.4901077,   3.0510886,
         4.4357505,  -4.1812606,   2.8459814,   2.7624748,   2.778491 ],
      dtype=float32)]",hiphop
"[array([-154.78532   ,  113.06958   ,   -3.8357592 ,   18.290533  ,
         13.33117   ,    8.434421  ,    8.840064  ,   11.33439   ,
          8.993481  ,   10.143327  ,    6.1992917 ,    9.774344  ,
          9.39089   ,    2.339835  ,    2.9200807 ,    7.5980115 ,
         -2.6489346 ,    0.90394074,    0.5023126 ,    0.80382013],
      dtype=float32)]",hiphop
"[array([-268.93674   ,   79.90777   ,  -16.974983  ,   19.053911  ,
          2.3454294 ,   -7.1083302 ,    4.773146  ,   -7.59437   ,
        -10.017847  ,   10.818717  ,   -2.7683125 ,   -5.481197  ,
          2.299792  ,   -6.8884115 ,    0.39215338,   -1.9245324 ,
         -8.534197  ,   -3.2074516 ,   -4.3392024 ,   -1.4619551 ],
      dtype=float32)]",hiphop
"[array([-1.2094078e+02,  7.7271294e+01,  2.9065611e+01,  1.0437187e+01,
        3.5667603e+00,  5.3683963e+00,  5.1985559e+00, -8.0171788e-01,
        1.3497727e+00,  2.3029740e+00,  3.0739121e+00,  1.1976855e+00,
       -6.7196214e-01, -4.9405689e+00, -6.1678477e-02, -4.4861002e+00,
       -2.2154818e+00, -1.3785951e+00, -3.0809281e+00, -7.3577328e+00],
      dtype=float32)]",hiphop
"[array([-75.62651   ,  91.01366   ,   9.83432   ,  25.111555  ,
        11.793615  ,  10.168802  ,   0.11760896,   8.224965  ,
         1.6325192 ,   0.48827597,   1.8103347 ,   5.4946136 ,
         1.3010279 ,   1.1449481 ,  -1.1759856 ,   0.3903069 ,
        -1.2030307 ,  -2.0509994 ,  -1.1986288 ,  -2.6345057 ],
      dtype=float32)]",hiphop
"[array([-76.705734  ,  52.78695   ,  34.63606   ,  26.197575  ,
        16.664793  ,  11.354165  ,   5.861285  ,   6.9141855 ,
         3.6776621 ,  -0.9586153 ,   3.87444   ,   4.487364  ,
         0.6391593 ,   5.4336534 ,   4.1947055 ,   0.81152654,
         1.6309175 ,   0.69367623,  -2.8054793 ,  -3.4080603 ],
      dtype=float32)]",hiphop
"[array([-8.7560478e+01,  7.9353813e+01,  2.5052843e+01,  4.5152496e+01,
        1.1185015e+01,  1.8171783e+01,  3.5164936e+00,  6.9995470e+00,
        1.2637459e+00,  2.3608534e+00, -1.7756817e+00, -8.6625665e-03,
       -2.7024157e+00, -4.8379934e-01, -5.2555757e+00, -3.8656323e+00,
       -2.5043306e+00, -4.6742921e+00, -4.9827003e+00, -4.4252176e+00],
      dtype=float32)]",hiphop
"[array([-44.586338 ,  41.58716  ,  29.919216 ,  51.871937 ,  12.878272 ,
        13.72171  ,   7.9571733,   9.288721 ,   8.39591  ,   1.9085698,
         1.1404614,   4.5597878,   5.519351 ,   1.3191726,   2.3586175,
        -0.8025535,  -4.256165 ,  -3.574641 ,  -3.8377788,  -4.442885 ],
      dtype=float32)]",hiphop
"[array([-114.05457  ,  110.12894  ,   17.897541 ,   37.944332 ,
         27.987617 ,    1.405787 ,   15.552603 ,    1.4244986,
          7.359582 ,   -3.319526 ,    8.256998 ,   -0.1889064,
          0.6798427,    3.3433783,   -2.4709635,    0.7678117,
         -4.8511853,   -2.395553 ,   -3.285419 ,   -4.608737 ],
      dtype=float32)]",hiphop
"[array([-78.70536  ,  73.10555  ,  21.826069 ,  49.19616  ,   3.1053555,
        18.316319 ,   1.8645644,   8.3988495,   1.426505 ,   4.221521 ,
        -1.3166566,   1.2564663,  -3.0075817,   1.8005416,  -1.8447683,
        -0.9998016,  -1.9077119,  -2.6412976,  -4.7969174,  -4.8740335],
      dtype=float32)]",hiphop
"[array([-1.46459549e+02,  8.15576630e+01,  3.19633293e+01,  2.24117718e+01,
        5.07759714e+00,  1.36172695e+01,  6.48769379e+00,  8.40861702e+00,
        4.43540430e+00,  4.99752140e+00,  1.82958341e+00,  2.86629343e+00,
        4.52970982e+00,  3.85486674e+00,  1.33674502e+00,  1.23188388e+00,
        5.79615891e-01, -1.66258961e-01, -6.50983155e-01, -8.22212324e-02],
      dtype=float32)]",hiphop
"[array([-1.4492160e+02,  6.6675064e+01,  4.4269444e+01,  2.2512159e+01,
        6.5049381e+00,  8.8470964e+00,  1.1890135e+01,  5.8388309e+00,
        3.0452945e+00,  6.4549541e+00,  3.5658360e+00,  2.5241907e+00,
        3.8298790e+00,  3.7193320e+00,  6.8217368e+00,  5.0646563e+00,
        4.7777042e-01,  1.0816031e+00,  1.9556488e+00, -7.3385946e-02],
      dtype=float32)]",hiphop
"[array([-104.79348   ,   64.03617   ,   28.8045    ,   10.56003   ,
         15.176521  ,   13.067325  ,    8.025532  ,    5.239075  ,
          6.7465467 ,    5.1255465 ,    4.450881  ,    4.4701214 ,
          3.3572874 ,    2.427763  ,    0.18994239,   -1.5184566 ,
         -2.5634263 ,   -1.191898  ,   -2.1913831 ,   -1.8783262 ],
      dtype=float32)]",hiphop
"[array([-1.6152745e+02,  1.0406318e+02, -1.0907194e+01,  4.3697933e+01,
        1.3963114e+01,  1.4444334e+01,  7.5068660e+00,  9.4815245e+00,
        6.4333916e+00,  6.9894309e+00,  1.3591906e+00,  4.4343042e+00,
       -2.9288797e+00, -3.2165439e+00,  3.8544599e-02,  4.1522975e+00,
       -6.4352865e+00, -4.9631882e+00, -4.2097707e+00, -2.2778883e+00],
      dtype=float32)]",hiphop
"[array([-101.071526 ,   72.41138  ,   -2.3714323,   46.025467 ,
          5.5287857,   24.215315 ,    3.5469203,   14.532065 ,
          5.650925 ,   13.522768 ,    4.9679723,    9.9139805,
          2.9338572,   -3.011142 ,   -1.2484565,    2.3096156,
         -2.8161366,    1.7621337,    0.8564974,   -4.3606477],
      dtype=float32)]",hiphop
"[array([-113.623055  ,   87.05368   ,   -0.64112425,   52.261642  ,
         19.37811   ,   19.67521   ,   15.385646  ,   13.703338  ,
          6.950013  ,    9.077205  ,    7.971615  ,    4.4166303 ,
         -0.15431143,   -0.43441978,    0.22512798,   -0.8328568 ,
         -2.1803095 ,   -1.9919996 ,   -4.4398932 ,   -4.299701  ],
      dtype=float32)]",hiphop
"[array([-109.82442  ,   63.054916 ,  -13.828153 ,   43.01986  ,
          6.1724057,   23.183786 ,    8.033159 ,   10.669684 ,
          0.968362 ,    5.329999 ,   -1.8259578,   -1.4317561,
         -1.8608029,   -3.1810365,   -4.737015 ,   -3.8031566,
         -5.5285573,   -3.1891098,   -3.2604816,   -3.9268665],
      dtype=float32)]",hiphop
"[array([-133.19142  ,   93.95369  ,   -2.2407176,   50.202217 ,
         12.499554 ,   15.040485 ,   11.499115 ,   10.2495985,
          7.9568863,   10.791148 ,    1.9635901,    5.1979475,
          1.0622269,    2.167043 ,   -1.5164307,   -0.4504701,
         -2.4652188,   -3.8745015,   -1.7067004,   -2.768504 ],
      dtype=float32)]",hiphop
"[array([-1.53543945e+02,  9.27962799e+01, -1.58539295e+01,  5.79331932e+01,
        8.58076286e+00,  1.84615688e+01,  1.32791157e+01,  1.11650991e+01,
        7.61866713e+00,  1.29682016e+01,  5.65740156e+00,  7.01702547e+00,
        2.88519621e+00,  1.61299539e+00,  1.32888118e-02,  3.02664900e+00,
       -2.33865753e-01, -1.38989270e+00, -2.31856179e+00, -1.33011627e+00],
      dtype=float32)]",hiphop
"[array([-127.280014 ,   95.79218  ,  -12.782047 ,   37.926857 ,
         20.56561  ,   23.201853 ,    8.269457 ,    9.612638 ,
          8.668725 ,    5.510033 ,    6.6769104,    4.0242624,
          1.7337765,    0.7089213,   -0.4317715,    2.2407367,
         -1.6001177,   -1.2176809,   -2.2143807,   -0.7449836],
      dtype=float32)]",hiphop
"[array([-144.11632   ,   73.39045   ,    4.657706  ,   24.01729   ,
         12.901474  ,   14.00732   ,    8.624697  ,    6.899631  ,
         -1.2319987 ,   -0.85806066,    1.1545575 ,    2.579781  ,
         -1.1144276 ,    3.1324372 ,   -4.2417855 ,   -0.46726364,
          1.648961  ,    1.2019845 ,   -0.4810838 ,   -2.0395997 ],
      dtype=float32)]",hiphop
"[array([-9.8853745e+01,  7.1112129e+01, -1.0053335e+01,  3.1729233e+01,
        5.1477122e+00,  1.8780879e+00, -8.9037504e+00, -4.2622499e+00,
       -5.9646840e+00, -4.2666512e+00, -6.6418374e-01, -1.8670931e+00,
       -5.1587856e-01,  2.5775321e+00, -1.0610514e+00,  2.2003837e+00,
       -3.9452794e+00,  1.2060615e+00,  2.7784672e-01,  6.5609090e-02],
      dtype=float32)]",hiphop
"[array([-82.389885  ,  69.9665    ,  10.69905   ,  48.823395  ,
         4.6501894 ,  13.297807  ,  -1.7968223 ,   5.1300416 ,
        -1.0847992 ,  -2.7969444 ,  -2.5503407 ,   0.22138514,
        -3.1227164 ,   2.307379  ,  -2.7005353 ,  -0.77895916,
         1.7283928 ,  -5.130926  ,  -5.698678  ,  -3.7948177 ],
      dtype=float32)]",hiphop
"[array([-140.10194  ,   77.09097  ,   42.042377 ,   31.247862 ,
         12.197926 ,   10.2141695,    3.7384353,    8.296796 ,
         -1.5552227,   -1.76049  ,    3.6245475,    4.591823 ,
         -2.5488021,    1.8554648,   -2.7649348,   -3.618874 ,
         -2.6323533,   -1.5260715,   -2.6521537,   -5.081056 ],
      dtype=float32)]",hiphop
"[array([-111.97783   ,   89.09961   ,   13.175455  ,   36.359657  ,
         -3.2765715 ,    3.877864  ,    0.5601915 ,    6.327396  ,
         -2.1887617 ,    2.9669955 ,   -1.6431162 ,   -0.37794456,
         -3.478565  ,    0.7700504 ,   -0.22705078,   -3.190697  ,
         -3.7023087 ,   -3.9954925 ,   -3.0225985 ,   -2.4588232 ],
      dtype=float32)]",hiphop
"[array([-74.66587  ,  58.725624 ,   9.9149685,  21.557991 ,  15.055373 ,
         4.9287863,   2.2788138,   5.463174 ,   3.1182055,   0.5998957,
         2.4616172,   4.2016363,   3.4685113,   3.595682 ,   2.7739656,
         1.8868796,  -1.6994164,  -1.1438513,  -1.3498927,  -4.0139174],
      dtype=float32)]",hiphop
"[array([-66.12838   ,  74.913     ,  20.638704  ,  39.30214   ,
         8.165499  ,  15.136998  ,  -0.37553477,   5.5735135 ,
         1.4621953 ,  -0.64992875,  -1.5591092 ,   1.4431081 ,
        -2.4078412 ,  -2.194806  ,  -4.324259  ,  -4.4145594 ,
        -5.126608  ,  -4.293459  ,  -6.3408685 ,  -5.016051  ],
      dtype=float32)]",hiphop
"[array([-59.28568   ,  36.266663  ,  39.8319    ,  49.96692   ,
        10.147771  ,  16.897055  ,   9.78029   ,   4.446478  ,
         2.4262035 ,   1.704509  ,   2.3705528 ,   3.9136555 ,
         3.1900172 ,   2.6282756 ,   3.2219524 ,   1.4744266 ,
        -0.69306034,  -3.158557  ,  -2.0991607 ,  -2.3765256 ],
      dtype=float32)]",hiphop
"[array([-81.72639   ,  82.33733   ,  53.536568  ,  25.525997  ,
        15.728674  ,  19.205505  ,   8.432267  ,   6.390246  ,
         0.20682313,   0.13791882,   1.2020646 ,   1.532111  ,
        -0.7304982 ,   1.3523008 ,  -0.3884153 ,  -3.121266  ,
        -0.4918478 ,  -0.7469335 ,  -3.7749355 ,  -2.5100982 ],
      dtype=float32)]",hiphop
"[array([-78.83389   ,  51.52047   ,  42.246727  ,  30.081593  ,
        20.089994  ,   6.973851  ,   8.016349  ,   6.873313  ,
        -4.6300087 ,   3.650249  ,   3.6282666 ,   4.323653  ,
         2.5973763 ,   0.75704694,  -9.165191  ,  -2.1635938 ,
        -2.6757812 ,  -5.526809  ,  -1.324878  ,  -2.4781911 ],
      dtype=float32)]",hiphop
"[array([-118.05631   ,  102.20693   ,   20.763098  ,   36.992615  ,
         24.375978  ,    7.8266516 ,   15.940079  ,   -1.5931472 ,
          6.7580748 ,   -0.77758026,    8.574868  ,    1.4911983 ,
         -4.211417  ,    3.0170677 ,    1.001868  ,   -0.98992103,
         -5.462844  ,   -1.2905502 ,   -4.243604  ,   -5.0212965 ],
      dtype=float32)]",hiphop
"[array([-78.21304   ,  70.18442   ,  45.89907   ,  42.0747    ,
        15.084578  ,  10.687759  ,  -0.6957338 ,  -0.6118224 ,
         0.36743748,  -0.35835868,   1.0923243 ,  -0.6734942 ,
        -0.8149564 ,  -0.819042  ,  -4.24915   ,  -6.084853  ,
        -2.9591346 ,  -3.7049592 ,  -4.604396  ,  -4.980039  ],
      dtype=float32)]",hiphop
"[array([-68.91117   ,  62.395336  ,  24.27625   ,  53.779545  ,
        -1.9351078 ,  12.820083  ,  -4.3558745 ,  12.3553915 ,
        -0.21981904,   9.055807  ,  -0.97975236,   3.9336565 ,
         1.9129128 ,   2.2534542 ,  -2.5323775 ,  -3.540817  ,
        -2.9367027 ,  -3.6556938 ,  -3.4215841 ,  -3.7172928 ],
      dtype=float32)]",hiphop
"[array([-9.4559555e+01,  5.1677029e+01,  1.7531384e+01,  2.8922720e+01,
        2.0536480e+00,  3.7297471e+00, -1.8468492e+00,  4.3727431e+00,
        8.7705994e+00,  2.1283352e+00, -1.3841965e+00,  4.6820245e+00,
        4.0688467e+00,  7.6912320e-03,  2.0955455e-01, -4.4154200e-01,
       -4.1218042e+00, -1.1049199e+00, -1.2459456e-01, -2.7599959e+00],
      dtype=float32)]",hiphop
"[array([-111.27533   ,   89.93035   ,    4.450366  ,   14.5376835 ,
          9.927538  ,   -9.4755535 ,    2.9035454 ,   -0.15854305,
         -3.0790899 ,    3.2574103 ,   -1.5119748 ,    1.5706158 ,
          2.3876395 ,   -1.1697705 ,    0.8656743 ,    0.66589266,
         -5.1654663 ,    2.7177017 ,    2.3510013 ,   -0.25273964],
      dtype=float32)]",hiphop
"[array([-25.85015   ,  70.90157   ,   9.568534  ,  17.494287  ,
        -1.6235472 ,  -0.5374489 ,   0.2639297 ,  -4.636478  ,
        -0.5794758 ,  -3.0673738 ,  -2.406686  ,   0.38423553,
        -2.147279  ,  -0.33359474,  -2.372374  ,   1.9410757 ,
         1.3159381 ,  -1.2813123 ,  -2.017734  ,  -0.1935894 ],
      dtype=float32)]",hiphop
"[array([-111.27533   ,   89.93035   ,    4.450366  ,   14.5376835 ,
          9.927538  ,   -9.4755535 ,    2.9035454 ,   -0.15854305,
         -3.0790899 ,    3.2574103 ,   -1.5119748 ,    1.5706158 ,
          2.3876395 ,   -1.1697705 ,    0.8656743 ,    0.66589266,
         -5.1654663 ,    2.7177017 ,    2.3510013 ,   -0.25273964],
      dtype=float32)]",hiphop
"[array([-79.72858   ,  62.312958  ,  -5.1254992 ,  18.232164  ,
        12.871769  , -14.090276  ,   4.909826  ,   1.6790172 ,
        -5.7725415 ,   0.82087576,  -3.799455  ,   2.015118  ,
         3.4152286 ,  -2.8603146 ,   1.2713984 ,   1.7471731 ,
        -2.265965  ,  -1.0283937 ,  -4.603296  ,  -2.8218296 ],
      dtype=float32)]",hiphop
"[array([-64.0287    ,  50.810192  ,   6.633543  ,  27.82341   ,
         6.641089  ,   0.30421925,   2.8312953 ,   3.2257662 ,
         0.16213265,   0.6087187 ,   0.09283661,  -5.0643578 ,
         2.664931  ,  -1.6399987 ,   3.1024873 ,   5.156638  ,
        -0.84149176,   4.844521  ,   0.24584669,  -4.8553863 ],
      dtype=float32)]",hiphop
"[array([-2.1599901e+02,  1.2253193e+02,  9.0699130e-01,  3.9340000e+01,
        9.2767811e+00,  2.6041019e+01, -4.0447950e+00,  1.8255959e+01,
       -6.5186934e+00,  1.3916697e+01, -3.0740798e+00,  8.8890104e+00,
       -4.3479891e+00,  4.6949468e+00, -1.0883106e-01,  9.1563004e-01,
       -1.9219086e+00, -1.7733059e+00,  1.1663704e+00, -4.0186839e+00],
      dtype=float32)]",hiphop
"[array([-122.77545   ,   95.02316   ,  -29.384426  ,   46.777218  ,
        -16.006794  ,   27.109676  ,  -13.129478  ,   20.252937  ,
         -5.3892794 ,   15.461106  ,   -6.9193435 ,   15.639389  ,
         -6.7110047 ,    8.279566  ,   -0.76148057,    9.408431  ,
          1.2525133 ,    1.6708384 ,    0.4884754 ,    1.6206379 ],
      dtype=float32)]",hiphop
"[array([-121.9977   ,   89.62222  ,  -25.78171  ,   40.958427 ,
         -4.291184 ,   27.560095 ,  -15.568068 ,   22.402187 ,
        -10.835225 ,   19.812077 ,   -8.643745 ,   19.082935 ,
         -8.475936 ,    9.424949 ,   -3.3957024,    0.9780495,
         -5.640701 ,    2.006995 ,   -4.32239  ,    1.8813189],
      dtype=float32)]",hiphop
"[array([-2.1428505e+02,  1.0034033e+02, -3.3472843e+01,  4.7243874e+01,
       -8.9464874e+00,  1.2985619e+01, -1.7303013e+01,  1.1073051e+01,
       -1.1712201e+01,  8.8033676e+00, -7.8350787e+00,  6.2592897e+00,
       -1.1005684e-01,  4.8908329e+00,  1.1956738e+00,  3.7816808e+00,
        1.4663908e+00,  3.4812346e+00,  6.4959365e-01,  4.1376963e+00],
      dtype=float32)]",hiphop
"[array([-114.32079  ,   80.860405 ,  -18.20416  ,   50.670105 ,
        -14.925235 ,   29.26206  ,  -20.069794 ,   18.574259 ,
        -17.683846 ,   16.68106  ,  -11.426418 ,   16.29898  ,
         -4.4611216,   10.556152 ,   -4.064554 ,    9.139761 ,
         -2.8472083,    0.6299197,   -2.007859 ,    0.549027 ],
      dtype=float32)]",hiphop
"[array([-198.95903   ,   92.613266  ,  -19.521551  ,   39.53248   ,
         -0.6365576 ,   33.590065  ,   -6.4646487 ,   27.523468  ,
         -2.3977473 ,   14.995195  ,   -2.9880178 ,   14.89381   ,
         -3.3824236 ,    9.287607  ,    0.83695483,    8.28641   ,
         -0.5855433 ,   -1.6162294 ,    1.2545995 ,    3.0456839 ],
      dtype=float32)]",hiphop
"[array([-168.2848   ,   70.928505 ,   -3.0489557,   54.81575  ,
        -12.119344 ,   30.501703 ,   -1.5368698,   28.829435 ,
         -8.936954 ,   18.75314  ,   -6.6041923,   14.595448 ,
         -3.5817895,   14.184685 ,   -3.972787 ,    6.924735 ,
         -4.175952 ,    5.8652477,   -1.5169771,    1.2829199],
      dtype=float32)]",hiphop
"[array([-89.90493  ,  79.77238  , -25.73345  ,  47.74009  , -10.01658  ,
        31.554688 , -22.208488 ,  26.64222  , -10.969624 ,  18.825157 ,
       -15.554683 ,  14.415654 , -10.034327 ,   8.898057 ,  -8.93279  ,
         7.2319345,  -5.005691 ,   3.1360536,  -4.73014  ,  -1.5844126],
      dtype=float32)]",hiphop
"[array([-1.0314578e+02,  7.4096313e+01, -2.2450449e+01,  5.1598633e+01,
       -7.0803447e+00,  3.2669762e+01, -1.4982949e+01,  1.9638306e+01,
       -7.0651374e+00,  2.2265232e+01, -7.3165903e+00,  1.7616529e+01,
       -3.5863418e-02,  1.4716657e+01, -4.2357812e+00,  1.0654611e+01,
       -6.3276010e+00,  1.0404122e+00, -1.8256198e+00,  5.5567803e+00],
      dtype=float32)]",hiphop
"[array([-109.51281   ,   97.39123   ,  -20.617918  ,   37.375572  ,
         -3.1134143 ,   28.608015  ,  -14.167001  ,   23.848665  ,
         -8.735609  ,   19.89689   ,  -11.290995  ,   17.932451  ,
         -3.4741397 ,    8.232468  ,   -8.94511   ,    9.265489  ,
         -4.9853783 ,    1.8423553 ,   -2.2441218 ,    0.66968066],
      dtype=float32)]",hiphop
"[array([-105.535225 ,   76.67295  ,  -24.781746 ,   55.20959  ,
         -8.259848 ,   28.897642 ,  -15.744415 ,   26.299292 ,
         -8.478252 ,   20.452374 ,   -8.147399 ,   13.909218 ,
         -6.5623593,    9.866113 ,   -4.860474 ,    5.8747473,
         -1.9424009,    3.9641557,   -3.6098757,   -2.2909822],
      dtype=float32)]",hiphop
"[array([-145.03775  ,   84.07012  ,   10.8738365,   43.602345 ,
          6.2924957,   36.12595  ,  -14.64767  ,   26.805588 ,
        -10.327142 ,   24.690153 ,   -8.718044 ,   18.786041 ,
         -4.3923764,    9.876547 ,   -8.126447 ,    8.813146 ,
         -7.8783293,    2.8717957,   -4.3435817,   -1.1205764],
      dtype=float32)]",hiphop
"[array([-191.64328  ,   41.31824  ,    5.0136557,   65.45381  ,
         -4.320505 ,   42.636795 ,  -12.251249 ,   23.813137 ,
         -4.262662 ,   16.029984 ,   -5.084965 ,   16.429445 ,
         -9.367056 ,    6.667357 ,   -2.7242777,   -0.4452951,
         -7.415514 ,    4.564765 ,   -6.9763675,    2.4696715],
      dtype=float32)]",hiphop
"[array([-169.90744   ,   98.044304  ,  -11.313633  ,   38.255463  ,
          5.08135   ,   25.405148  ,  -11.835304  ,   25.126324  ,
         -5.543401  ,   19.20919   ,   -2.9169097 ,   18.207973  ,
          6.0954547 ,   13.959605  ,   -0.29514986,   12.491456  ,
          0.41324496,    1.6490295 ,    1.5156883 ,    2.800694  ],
      dtype=float32)]",hiphop
"[array([-92.64569  ,  77.41155  , -32.758095 ,  54.586475 , -13.199569 ,
        33.660706 , -12.074938 ,  28.02354  , -11.954623 ,  18.8322   ,
        -6.6618686,  13.044242 ,  -7.011976 ,   7.0714054,  -4.538113 ,
         6.4907193,  -2.9716415,   3.7051673,  -5.40854  ,  -4.2103586],
      dtype=float32)]",hiphop
"[array([-128.18356   ,  124.55868   ,  -37.18115   ,   43.889126  ,
        -12.773454  ,   18.995405  ,   -9.288907  ,   19.782911  ,
         -6.878305  ,   13.470524  ,   -5.9719143 ,   12.324474  ,
         -4.6459928 ,    5.8267293 ,   -2.8703413 ,    3.682235  ,
         -1.879014  ,   -0.14414018,   -2.0492938 ,   -3.2188103 ],
      dtype=float32)]",hiphop
"[array([-111.19162   ,   80.629234  ,   -0.89146256,   50.620903  ,
        -13.467605  ,   35.320023  ,  -14.84108   ,   21.189829  ,
        -13.5769615 ,   19.61934   ,  -11.766459  ,   16.967947  ,
         -9.359967  ,    8.698709  ,   -9.890894  ,    5.815478  ,
         -9.135896  ,    0.87572485,   -5.9858413 ,   -0.31002545],
      dtype=float32)]",hiphop
"[array([-129.85645   ,   72.016136  ,  -23.281464  ,   63.21336   ,
         -6.8841476 ,   34.399254  ,  -12.2047    ,   30.490248  ,
         -7.5962567 ,   20.596848  ,   -6.210492  ,   14.676088  ,
         -2.949456  ,    9.041391  ,   -4.7462945 ,    5.378994  ,
         -2.4218864 ,    1.6254605 ,   -5.9728494 ,   -0.82093364],
      dtype=float32)]",hiphop
"[array([-138.8806   ,  100.20721  ,  -31.442928 ,   32.449326 ,
         -2.7517657,   13.091756 ,  -14.506294 ,   13.94322  ,
        -15.174353 ,    8.177486 ,   -4.9255123,    3.5089593,
         -7.9849477,    0.7927421,   -2.976042 ,   -0.7344121,
         -7.724808 ,   -1.2218404,   -6.5167875,   -5.394308 ],
      dtype=float32)]",hiphop
"[array([-116.62627  ,  109.25263  ,  -23.163752 ,   40.67948  ,
        -11.888837 ,   23.152945 ,  -15.409277 ,   15.1249895,
        -13.522578 ,   12.695887 ,  -10.871556 ,    8.497991 ,
        -11.577596 ,    2.1976979,   -6.180506 ,    1.98998  ,
         -7.9558887,    2.0833836,   -2.3929138,   -1.541793 ],
      dtype=float32)]",rock
"[array([-1.1125285e+02,  1.3415211e+02, -2.4658051e+01,  4.1542343e+01,
       -3.0750804e+00,  2.8475191e+01, -1.0599551e+01,  1.4917009e+01,
       -1.4410271e+01,  8.8440914e+00, -4.5479774e+00,  9.9401464e+00,
       -4.6802411e+00,  3.6218278e+00, -5.5554719e+00,  3.3616462e+00,
       -4.9562950e+00, -1.4779109e+00,  8.9315720e-02, -5.3481984e+00],
      dtype=float32)]",rock
"[array([-1.20445526e+02,  1.17589798e+02, -2.76353378e+01,  4.28380661e+01,
       -6.75794411e+00,  2.16421375e+01, -1.21030397e+01,  1.79522305e+01,
       -1.04732857e+01,  1.22756681e+01, -6.56904459e+00,  1.35230217e+01,
       -2.42007399e+00,  6.71271706e+00, -3.15541172e+00,  5.47017241e+00,
       -2.23566222e+00,  1.06117916e+00, -1.65442395e+00, -3.56152281e-02],
      dtype=float32)]",rock
"[array([-156.54553   ,  130.7242    ,   -1.480792  ,   36.234592  ,
          0.3509125 ,   31.955034  ,   -0.6218728 ,   20.156782  ,
        -11.339355  ,   13.855699  ,   -3.7898722 ,   11.537828  ,
         -3.2142534 ,    5.058525  ,   -1.7850618 ,    3.542804  ,
         -2.4448645 ,   -0.73302484,   -1.4241275 ,    0.6442886 ],
      dtype=float32)]",rock
"[array([-127.970406 ,  134.44084  ,    1.0205097,   54.43924  ,
         -0.4544707,   35.81458  ,  -10.856743 ,   16.386305 ,
        -10.0327215,    6.5924654,   -6.6975994,   11.041861 ,
         -8.380609 ,    2.1077473,   -6.3462076,    0.9917485,
         -5.3233166,   -0.8430055,   -4.661474 ,   -4.788684 ],
      dtype=float32)]",rock
"[array([-62.36485  , 153.79042  , -55.13121  ,  28.010103 ,  -6.850295 ,
        17.463839 , -22.614672 ,  18.14102  , -12.584327 ,   4.5021577,
        -8.390483 ,   7.216679 ,  -2.5232487,   4.844655 ,  -6.2757077,
        -0.714479 ,  -2.2775123,  -5.244769 ,  -5.225095 ,  -6.2768865],
      dtype=float32)]",rock
"[array([-9.83864899e+01,  1.36574875e+02, -4.67140198e+01,  4.64766731e+01,
       -1.71520119e+01,  1.05475063e+01, -1.45805664e+01,  1.65513306e+01,
       -1.23126793e+01,  3.70186186e+00, -1.26477575e+01,  2.95130515e+00,
       -1.25052462e+01,  1.09871894e-01, -7.81907916e-01, -5.68885231e+00,
       -8.62955761e+00, -1.89036977e+00, -2.18549180e+00, -3.39758897e+00],
      dtype=float32)]",rock
"[array([-140.46417  ,  149.30049  ,  -10.073525 ,   38.784744 ,
          1.5350952,   20.120264 ,  -11.34188  ,   16.292198 ,
        -13.255261 ,   10.183559 ,   -9.257683 ,    4.6997657,
         -8.370977 ,    2.2718363,   -6.509603 ,   -1.6324769,
         -6.4886813,   -4.7097774,   -2.5701594,   -1.7915926],
      dtype=float32)]",rock
"[array([-14.946681 , 138.44057  , -41.902416 ,  22.075436 , -18.676533 ,
        32.004406 , -20.370274 ,  15.703648 , -17.348824 ,  14.874468 ,
        -8.903126 ,  12.260918 ,  -5.828865 ,   9.972276 ,  -3.1722856,
         1.9803573,  -6.9255514,   3.12534  ,  -2.9862368,  -6.6731334],
      dtype=float32)]",rock
"[array([-178.60347  ,  154.00502  ,   -4.958517 ,   21.928644 ,
         -2.0540268,   23.674204 ,   -1.284849 ,   11.562133 ,
         -6.0270863,    4.947251 ,   -2.940482 ,    5.409077 ,
         -4.123982 ,    2.9835277,   -5.321567 ,   -8.830944 ,
        -11.077199 ,   -3.2063417,    3.8582175,    3.5543106],
      dtype=float32)]",rock
"[array([-108.94804   ,  114.95368   ,   -5.2112894 ,   46.19136   ,
         -9.136667  ,   20.517895  ,  -17.024096  ,   24.22198   ,
         -8.050692  ,   13.43937   ,  -18.37755   ,    8.584026  ,
        -11.401218  ,    1.8885924 ,  -10.55389   ,   -0.25589055,
        -11.79859   ,   -6.499075  ,   -4.3038983 ,   -2.7363358 ],
      dtype=float32)]",rock
"[array([-1.69683121e+02,  1.19105644e+02,  7.16180515e+00,  5.34296646e+01,
        4.12531328e+00,  2.31330986e+01, -5.72134399e+00,  2.49867554e+01,
       -9.32897854e+00,  1.34748688e+01, -1.42787457e+01,  5.95937586e+00,
       -1.35980749e+01,  7.53417730e-01, -1.04583502e+01,  8.40266198e-02,
       -4.37068939e+00,  1.17207396e+00,  4.87475514e-01, -5.82906532e+00],
      dtype=float32)]",rock
"[array([-204.6047   ,  106.97547  ,  -10.207929 ,   45.585976 ,
          3.0347538,   24.002531 ,   -7.5044093,   20.065851 ,
         -5.168004 ,    8.738427 ,  -10.105714 ,    4.3647547,
         -6.9585676,    4.7029552,   -8.221911 ,   -0.8157996,
         -9.628988 ,   -7.3858194,   -9.435307 ,   -3.1338713],
      dtype=float32)]",rock
"[array([-211.21675  ,   95.75193  ,   40.583527 ,   68.280975 ,
          5.304847 ,   30.969952 ,   -5.2771754,   22.821358 ,
         -1.6232678,   17.491806 ,  -11.495021 ,    8.730979 ,
        -10.45692  ,    5.719281 ,   -7.8945274,    3.7230732,
         -6.6363826,   -1.2775114,    2.7818987,    6.266782 ],
      dtype=float32)]",rock
"[array([-256.37222  ,  103.12504  ,   -8.427773 ,   48.58596  ,
         -4.1882463,   17.339882 ,   -6.681784 ,   17.037977 ,
         -4.612256 ,    5.318705 ,  -10.017794 ,    8.225862 ,
         -6.207776 ,    3.4253097,   -3.6573417,    1.7009529,
         -5.408959 ,   -3.248392 ,   -3.8748894,   -1.0370971],
      dtype=float32)]",rock
"[array([-174.93277  ,   90.93342  ,  -18.715298 ,   41.614548 ,
         -8.878751 ,    9.084968 ,  -12.457276 ,   13.13021  ,
         -9.69108  ,    4.335098 ,  -13.485934 ,    6.740899 ,
        -10.384655 ,    7.1451287,   -5.7903366,    0.795939 ,
         -8.14087  ,   -5.7169795,   -3.3500679,   -0.4135663],
      dtype=float32)]",rock
"[array([-15.672692 , 100.08496  , -37.597607 ,  45.951027 , -20.771992 ,
        25.640266 , -18.628998 ,  26.507004 , -20.164482 ,  21.119764 ,
       -13.650189 ,  10.966076 , -15.529788 ,   3.6817815,  -7.7056265,
         3.932887 ,  -8.118255 ,   6.9473057,  -2.0590785,   3.8998318],
      dtype=float32)]",rock
"[array([-41.4065    , 105.41008   , -43.935265  ,  54.118137  ,
       -18.419096  ,  23.529264  , -17.622053  ,  20.66435   ,
       -18.465052  ,  17.480465  , -15.180029  ,  11.313598  ,
       -14.159313  ,   2.833992  ,  -9.473337  ,   3.3448858 ,
        -8.205554  ,   3.700595  ,  -3.680545  ,  -0.15843725],
      dtype=float32)]",rock
"[array([-6.7594070e+01,  1.0912802e+02, -3.2711418e+01,  4.5652374e+01,
       -1.1680288e+01,  2.7491209e+01, -1.6329950e+01,  2.2081251e+01,
       -1.5446938e+01,  1.9393972e+01, -1.1610448e+01,  1.1576827e+01,
       -1.0516491e+01,  4.4448562e+00, -7.0086026e+00,  5.0330958e+00,
       -6.7556458e+00,  3.8158081e+00, -2.6504464e+00, -6.6629820e-02],
      dtype=float32)]",rock
"[array([-84.1865    , 102.343544  , -41.35082   ,  47.032593  ,
       -16.94698   ,  26.23382   , -18.95012   ,  18.797081  ,
       -21.695303  ,  11.054098  , -19.2392    ,   5.2341566 ,
       -16.756317  ,   1.0997113 ,  -9.67043   ,   1.0988563 ,
        -7.537694  ,   3.24615   ,  -4.7154517 ,  -0.32176456],
      dtype=float32)]",rock
"[array([-56.96093  , 115.221    , -30.44724  ,  37.199028 , -21.998432 ,
        21.875807 , -19.772882 ,  15.003683 , -24.094864 ,  17.788218 ,
       -17.29499  ,   6.7472944, -10.742702 ,   0.8205284, -10.17275  ,
         3.6925101,  -8.560947 ,  -0.9104863,  -2.5309522,  -1.9617608],
      dtype=float32)]",rock
"[array([-5.5335930e+01,  1.1442697e+02, -3.4038849e+01,  3.7997501e+01,
       -2.2330322e+01,  1.8537243e+01, -1.8159187e+01,  1.3812107e+01,
       -2.7804724e+01,  1.8165421e+01, -1.4628684e+01,  6.5513339e+00,
       -8.2649441e+00, -2.2530942e+00, -1.1602567e+01,  2.4959750e+00,
       -1.0939673e+01,  7.1032476e-01, -6.8149918e-01, -6.2656954e-02],
      dtype=float32)]",rock
"[array([-34.634476 , 106.50068  , -41.059685 ,  33.66809  , -27.229921 ,
        21.403963 , -21.319082 ,  14.005236 , -27.781681 ,  16.053364 ,
       -18.818726 ,   5.6487145, -14.2938385,   0.8131218, -10.533708 ,
         4.444997 ,  -7.4688435,   2.070476 ,  -2.8995843,  -0.3577206],
      dtype=float32)]",rock
"[array([-88.36004  , 105.4332   , -24.50932  ,  41.850685 , -22.360502 ,
        23.72653  , -19.787085 ,  15.147273 , -27.103642 ,  13.853663 ,
       -15.209694 ,   8.935021 , -12.798515 ,  -1.1130918, -10.047855 ,
         1.7791519,  -7.34602  ,   7.0953918,   0.5872529,   2.505291 ],
      dtype=float32)]",rock
"[array([-52.480682  ,  99.70796   , -47.386406  ,  47.01759   ,
       -21.017344  ,  22.883759  , -18.278618  ,  13.886501  ,
       -23.446274  ,  13.512141  , -18.663303  ,   5.705186  ,
       -12.890456  ,   1.1912118 , -12.4083605 ,   0.3866343 ,
        -9.139816  ,   1.5921024 ,  -4.1251187 ,   0.30876586],
      dtype=float32)]",rock
"[array([-47.04379  ,  95.77823  , -43.917877 ,  52.071087 , -22.550802 ,
        20.861921 , -18.675611 ,  19.246445 , -21.253605 ,  21.88196  ,
       -19.212608 ,   9.452245 , -12.584075 ,   3.8894029,  -8.495849 ,
         6.2689815,  -9.12195  ,   2.6897986,  -2.4425328,  -1.879325 ],
      dtype=float32)]",rock
"[array([-58.981987  , 106.57721   , -31.803864  ,  47.910946  ,
       -17.425423  ,  27.75524   , -14.010047  ,  22.419035  ,
       -20.549541  ,  19.562534  , -14.581268  ,  10.176432  ,
       -10.946365  ,   4.524342  ,  -9.725236  ,   4.615562  ,
       -10.112679  ,   1.4581627 ,  -3.0046003 ,  -0.62048066],
      dtype=float32)]",rock
"[array([-123.34534   ,   74.88168   ,  -17.058035  ,   31.609985  ,
          2.5446815 ,   17.32831   ,   -3.8152325 ,    9.7234535 ,
         -7.237524  ,   11.2586565 ,    0.38198882,    3.4685218 ,
          1.663686  ,   -3.1594357 ,   -1.0820168 ,    0.31572542,
         -5.9876003 ,   -0.31926423,   -2.3376036 ,   -4.321616  ],
      dtype=float32)]",rock
"[array([-92.63433   , 101.83766   , -33.491867  ,  48.725113  ,
        12.398135  ,  20.813831  ,   8.697564  ,   9.275422  ,
         2.7734897 ,   5.2337246 ,  -9.328545  ,  -3.4863636 ,
        -4.3603806 ,  -4.656358  ,  -3.9698186 ,  -3.129895  ,
        -7.00119   ,  -0.39545795,  -1.1422418 ,  -6.003614  ],
      dtype=float32)]",rock
"[array([-42.399296 ,  85.04793  ,  -7.3838058,  40.714485 ,  -1.0092217,
        18.923359 ,  -3.5411758,   5.871917 ,  -5.0200562,   4.245414 ,
        -3.1746843,  -0.5802537,  -0.5299238,   2.3431058,  -0.3666726,
        -4.1084723,  -3.8572705,  -3.9110954,  -5.780759 ,  -4.3296633],
      dtype=float32)]",rock
"[array([-131.4277    ,   67.74452   ,   32.890038  ,   34.585876  ,
         -3.2927597 ,   21.882212  ,   -5.809261  ,   10.232336  ,
         -7.0489717 ,    2.2989485 ,   -4.3683047 ,   -3.317443  ,
         -6.2809277 ,   -0.22606148,   -1.96103   ,   -1.9077443 ,
         -0.885315  ,    0.94890165,   -1.5479157 ,   -1.1732568 ],
      dtype=float32)]",rock
"[array([-89.08187   ,  81.389336  , -12.564247  ,  22.778366  ,
        -7.066863  ,  -0.49518725,   2.7513537 ,  -3.4457023 ,
        -7.7104874 ,  -0.84374905,  -4.883028  ,  -2.686932  ,
        -5.2926173 ,  -4.5957747 ,  -2.9711182 ,  -2.2105966 ,
        -3.5639026 ,  -1.0050805 ,  -0.49868187,  -0.9740357 ],
      dtype=float32)]",rock
"[array([-26.406563  ,  85.88428   , -17.211609  ,  35.311554  ,
         9.982888  ,  10.665745  ,   1.3990859 ,   4.5759234 ,
        -0.12147769,   2.0990708 ,   0.32295215,   5.3930078 ,
        -1.0125064 ,   0.37318316,  -1.6099937 ,  -2.4630904 ,
        -5.957567  ,  -1.5919791 ,  -6.750192  ,  -1.3472621 ],
      dtype=float32)]",rock
"[array([-1.1903785e+02,  1.2889801e+02, -1.7832161e+01,  2.9174347e+01,
        2.7172751e+00,  7.9985628e+00, -7.0627899e+00,  3.8721447e+00,
       -1.5170447e+00, -3.9864912e+00, -7.0405617e+00, -2.8676345e+00,
       -4.1804090e+00, -1.8484714e+00, -2.9512167e+00, -2.2554915e+00,
       -5.7387352e-01, -9.9699534e-02, -2.7955196e+00, -2.6253784e+00],
      dtype=float32)]",rock
"[array([-28.048374  ,  65.66149   ,  -7.321227  ,  33.75632   ,
        11.126422  ,  14.604361  ,   2.0925803 ,  10.009483  ,
        -0.22511585,  10.134864  ,  -2.8547633 ,   3.0963173 ,
        -1.6673214 ,  -0.11128823,  -1.6675023 ,   1.8607966 ,
        -3.9520955 ,  -1.6541672 ,  -6.4595466 ,  -3.9630878 ],
      dtype=float32)]",rock
"[array([-1.2400335e+02,  1.0949398e+02,  5.8743453e+00,  3.2895947e+01,
        1.0985754e+01,  1.1695206e+01,  1.2678273e+01,  1.2968339e+01,
        1.6449655e+00,  4.5004191e+00,  9.6723614e+00,  3.0521114e+00,
        3.5316386e+00,  7.3924416e-01,  1.7675536e+00, -6.8347019e-01,
       -3.6755554e-02, -1.0077116e+00, -5.5558486e+00, -8.4583050e-01],
      dtype=float32)]",rock
"[array([ -0.42657727,  72.35004   , -13.061866  ,  23.915255  ,
        10.229574  ,  10.317129  ,  -5.016699  ,  14.344586  ,
        -0.69392127,   9.888121  ,   0.7251985 ,   5.222892  ,
        -4.0965514 ,   0.29972786,  -0.30989182,  -1.2404759 ,
        -6.1593857 ,   1.0186315 ,  -3.3828042 ,   1.3313692 ],
      dtype=float32)]",rock
"[array([-71.13559   ,  79.458374  , -20.803537  ,  30.648138  ,
         5.5313945 ,   3.7041204 ,   4.7037272 ,   7.2695193 ,
        -5.486207  ,   2.504747  ,   0.8459367 ,  -0.57976186,
        -1.8930234 ,  -4.7903395 ,  -3.0437052 ,  -3.866341  ,
        -6.895356  ,  -3.7750762 ,  -4.7960124 ,  -4.795754  ],
      dtype=float32)]",rock
"[array([-15.92807   ,  67.15309   , -20.1219    ,  15.576831  ,
         4.8012633 ,  10.825859  ,   5.9594    ,  11.79642   ,
        -0.3968153 ,   5.6550355 ,   0.11372397,   1.0979241 ,
        -1.7415591 ,   5.704884  ,  -0.5941916 ,   1.7240587 ,
        -1.5776426 ,   1.5810982 ,   0.41281506,   2.9387238 ],
      dtype=float32)]",rock
"[array([-5.0849358e+01,  8.6401657e+01, -1.4424250e+01,  1.2829985e+01,
        2.1691839e+01,  4.2353659e+00,  1.7406832e+00,  3.7037303e+00,
        4.6833959e+00, -1.8644677e+00, -1.1955880e+00, -1.7734867e-02,
       -4.1270938e+00, -5.7650800e+00, -1.0674844e+00,  2.2959766e+00,
       -1.5759251e+00, -3.8568509e+00, -6.1447306e+00, -5.3794808e+00],
      dtype=float32)]",rock
"[array([-65.91231   ,  61.28031   ,  -1.9368678 ,  35.309376  ,
         9.313     ,   7.5558777 ,   3.409661  ,   2.977946  ,
         4.6069074 ,   2.9099398 ,   1.7725732 ,  -0.39182526,
        -5.7581487 ,  -3.492569  ,  -3.6852615 ,  -5.720122  ,
        -3.9549906 ,  -3.0947235 ,  -2.7348807 ,  -0.9138484 ],
      dtype=float32)]",rock
"[array([-35.399956  ,  73.69067   , -20.220224  ,  17.177567  ,
        14.948894  ,  10.214969  ,   7.60081   ,   1.5895824 ,
         4.1754875 ,   0.74550146,  -0.3865785 ,  -1.3119748 ,
        -2.0403228 ,   2.5288312 ,   3.610792  ,  -3.543384  ,
        -4.7971244 ,  -2.502818  ,  -3.9775624 ,  -0.82422954],
      dtype=float32)]",rock
"[array([-74.18399   ,  76.735054  ,  -3.8043847 ,  28.03363   ,
         8.136066  ,   6.016018  ,   4.299718  ,   0.5060532 ,
         2.8456137 ,  -0.94493574,  -2.35504   ,  -0.28597203,
        -1.4562421 ,  -3.60794   ,  -1.5270268 ,  -1.5173227 ,
        -5.0240784 ,  -2.399194  ,  -2.9785542 ,  -4.949774  ],
      dtype=float32)]",rock
"[array([-6.2134621e+01,  7.5873795e+01, -2.6729330e+01,  1.8281229e+01,
        2.4590399e+00,  5.8335543e+00,  1.1579477e+01,  1.0206985e-02,
        8.6932430e+00,  5.5156765e+00, -2.4614885e-01,  2.3988750e+00,
       -1.7415359e+00, -3.1665978e+00,  2.0025971e+00, -1.4131923e+00,
       -5.5286360e+00, -2.5277913e+00,  6.2144941e-01, -1.4029925e+00],
      dtype=float32)]",rock
"[array([-118.39433   ,  130.25537   ,   -3.0893328 ,   15.728805  ,
          3.9465375 ,   10.665425  ,    6.837985  ,    3.3979797 ,
          0.76980954,   -2.5344229 ,   -3.1066284 ,   -2.866894  ,
         -1.623691  ,   -0.20019834,    0.74123555,    2.026045  ,
          2.0829566 ,    4.144146  ,    3.1539614 ,    2.2534523 ],
      dtype=float32)]",rock
"[array([-172.66568   ,  142.76349   ,  -55.773094  ,   79.31552   ,
         -1.8741938 ,    4.7934155 ,    0.24512394,  -11.501139  ,
         -0.26719534,   -9.363407  ,   -7.680029  ,  -11.2667055 ,
         -5.683593  ,  -11.291878  ,   -7.6921525 ,   -4.286482  ,
        -11.2813635 ,   -7.8397284 ,   -7.7233343 ,   -8.150021  ],
      dtype=float32)]",rock
"[array([-83.05496  ,  91.50623  , -13.687614 ,  16.134861 ,  10.328307 ,
         5.5332947,  -9.451849 ,  -6.618414 ,  -3.033612 ,   4.9335394,
         2.6400769,   1.0502369,  -3.6719625,  -1.6092172,  -4.436815 ,
        -1.8672622,   2.0092478,  -1.0250851,  -3.1809008,  -2.296022 ],
      dtype=float32)]",rock
"[array([-58.31212   ,  62.513275  , -12.654888  ,  31.943604  ,
         8.115569  ,   2.2606413 ,   3.90708   ,   1.4533548 ,
        -2.7132814 ,   1.1064517 ,  -0.4595751 ,  -2.3795285 ,
         1.242484  ,  -1.495535  ,  -0.46652865,   1.0434524 ,
        -2.066976  ,  -1.5088787 ,  -3.2097235 ,  -5.0582547 ],
      dtype=float32)]",rock
"[array([-93.35886  , 137.46744  , -45.09206  ,  37.81154  ,  -9.419834 ,
        12.59467  ,  -7.4806423,   5.539186 ,  -3.7403598,  -2.0107427,
        -2.4594233,  -9.579354 ,  -3.1679165,  -5.562454 ,  -7.494168 ,
        -5.6835785,  -2.0150528,  -3.879438 ,  -6.2089562,  -8.088406 ],
      dtype=float32)]",rock
"[array([-1.4240489e+02,  1.1613788e+02,  2.2472296e+00,  3.1061197e+01,
        6.1861997e+00,  1.2031545e-01,  3.1996897e-01,  7.7913918e+00,
        3.2471306e+00, -3.0152287e+00,  1.7092860e+00,  7.3611963e-01,
        1.4306976e-01, -4.4202242e+00, -4.4710884e+00,  5.0914866e-01,
        1.2237265e+00, -1.5977213e-01, -2.6168973e+00, -4.4432068e+00],
      dtype=float32)]",rock
"[array([-1.4495711e+02,  1.1846496e+02,  2.0525068e+01,  2.8564398e+01,
        2.3535552e+00,  1.0069560e+01,  1.1917599e+01,  4.8517795e+00,
       -8.4927514e-02,  3.2985027e+00,  3.4143994e+00,  3.6505976e+00,
        5.3643227e+00,  2.2568209e+00,  1.8704137e+00,  8.6951476e-01,
       -1.1844798e+00,  8.0984598e-01,  1.8097508e+00,  1.7877820e+00],
      dtype=float32)]",rock
"[array([-66.28536   ,  66.77525   ,  25.18438   ,  26.29693   ,
         5.29162   ,  10.455606  ,   2.4704695 ,   0.75241023,
        -0.37136132,   1.7261295 ,   3.2138007 ,   5.0352135 ,
        -1.9417019 ,  -3.0782735 ,   0.37914824,  -0.77988344,
         3.7139435 ,   2.396768  ,   0.1979873 ,  -1.7008979 ],
      dtype=float32)]",rock
"[array([-1.8123041e+02,  1.0343169e+02,  9.3861580e+00,  1.9078840e+01,
        1.3772365e+01, -5.2121794e-01,  4.3893824e+00, -7.6141815e+00,
       -8.1173048e+00, -1.3711447e-01, -5.1818705e+00, -6.3062782e+00,
       -5.4519358e+00, -5.9776015e+00, -1.1736681e+00, -2.6703749e+00,
       -5.1865311e+00, -5.2856364e+00, -5.7953968e+00, -3.7094035e+00],
      dtype=float32)]",rock
"[array([ 4.0827870e+00,  5.2608704e+01, -1.1054908e+01,  1.9704363e+01,
        1.1284098e+01,  7.0590701e+00,  5.0627990e+00,  4.5616736e+00,
        2.5624109e-02,  5.1544223e+00,  3.4035957e+00,  1.1689492e+00,
        5.8203977e-01,  1.2743222e+00,  7.1449101e-01, -8.1167978e-01,
       -3.0142307e+00, -1.7169989e+00, -1.6961086e+00, -1.2938507e+00],
      dtype=float32)]",rock
"[array([-156.28606  ,   75.62815  ,  -16.517866 ,   16.340904 ,
          5.8017077,    6.009819 ,   -4.145812 ,   -3.7635734,
         -6.1687303,   -8.928002 ,   -4.101073 ,   -2.207017 ,
         -4.6508574,   -5.4203176,   -4.6888046,   -7.0807443,
         -3.8854387,    1.3862368,   -2.0016851,   -4.7174654],
      dtype=float32)]",rock
"[array([-91.9124   , 129.96863  ,   1.8372804,  11.621115 ,   3.2257633,
        -1.9720752,  -2.2193565,  -0.855406 ,  -4.3434763,  -3.5430148,
        -1.5521153,  -0.5419181,   0.4020132,  -1.6473914,  -4.5720263,
        -2.9696803,  -4.286571 ,  -2.6720417,  -3.5486424,  -1.4414598],
      dtype=float32)]",rock
"[array([-7.868896  , 59.537727  ,  3.64771   , 28.984354  ,  4.138404  ,
       10.26854   ,  2.558714  ,  7.604068  , -1.399824  ,  2.9641616 ,
        4.0499907 , -0.75281394,  1.0675513 , -3.0407865 , -1.0089141 ,
       -0.6948098 , -0.6862661 ,  1.5193397 , -0.4616992 ,  0.5018843 ],
      dtype=float32)]",rock
"[array([-58.583797  ,  64.91177   ,  15.929982  ,   5.428903  ,
         7.5244966 ,   9.883128  ,   1.5946642 ,   5.3538227 ,
        -1.2404982 ,  -2.0384183 ,   2.4422328 ,  -0.7197204 ,
        -0.30926552,  -1.48398   ,   3.290024  ,   3.6443791 ,
        -2.5047877 ,  -1.1560521 ,  -2.3028479 ,  -2.2165213 ],
      dtype=float32)]",rock
"[array([-1.4200829e+02,  9.6975395e+01,  2.3254150e+01,  1.0455744e+01,
        6.2936468e+00,  4.9634185e+00,  1.0708206e+00,  1.1035851e+00,
       -4.8490777e+00,  8.7220228e-01, -3.4491501e+00, -2.0109098e+00,
       -5.9014354e+00, -6.0311046e+00, -2.1139178e+00, -6.1682496e+00,
       -3.0380732e-01,  5.0942173e+00,  1.2770656e-01,  1.6715826e+00],
      dtype=float32)]",rock
"[array([-219.1163    ,   94.37081   ,   42.78751   ,   16.115028  ,
          9.503607  ,   12.890873  ,    7.7313557 ,    2.3898094 ,
         -1.0204222 ,   -1.953544  ,   -1.9855669 ,    3.1467826 ,
         -0.88252664,   -6.855735  ,   -5.073762  ,   -4.0232706 ,
         -5.6039405 ,   -4.9950747 ,   -2.5028176 ,   -4.27858   ],
      dtype=float32)]",rock
"[array([-8.2697189e+01,  8.3516884e+01, -5.9757274e-01,  1.0497101e+01,
        1.0424636e+01,  7.0697875e+00,  5.0785699e+00,  7.8934833e-02,
       -2.0585687e-01, -9.3491441e-01, -9.6743129e-02, -1.7009901e+00,
       -1.0193595e+00,  1.7545800e-01,  2.3960111e+00, -4.4936863e-01,
        8.5133255e-01, -1.8573090e+00, -4.5129642e+00, -3.1955388e+00],
      dtype=float32)]",rock
"[array([-193.64023   ,   98.43583   ,   44.057926  ,   23.775482  ,
         12.580539  ,    8.460773  ,    2.1690936 ,   -0.34457618,
         -8.183045  ,   -9.117337  ,   -5.2378254 ,   -4.8426147 ,
         -1.3743815 ,   -1.2646358 ,    3.216643  ,    3.6884453 ,
          1.3845587 ,    2.7153342 ,    1.7022022 ,   -1.791089  ],
      dtype=float32)]",rock
"[array([-212.2839   ,   65.78227  ,   45.207645 ,   19.728804 ,
         11.81109  ,    8.058759 ,    4.425894 ,    4.215401 ,
         -2.3198674,   -2.2011733,   -1.6351123,   -4.6608105,
         -3.7225633,   -6.775609 ,   -2.9975383,   -6.5122967,
        -10.916958 ,   -3.3977473,   -1.2068572,   -3.110246 ],
      dtype=float32)]",rock
"[array([-302.8243    ,  116.2184    ,   44.6891    ,   25.962639  ,
         18.715103  ,    7.566854  ,    7.3339343 ,    4.0336523 ,
         -4.1819897 ,    0.8796674 ,    0.95483494,    2.8209012 ,
          1.4063516 ,   -3.4743688 ,   -0.89144695,    0.5921213 ,
         -0.8123583 ,   -2.380754  ,    0.36877888,   -1.8517039 ],
      dtype=float32)]",rock
"[array([-118.8025    ,  104.436676  ,  -29.188753  ,   42.102615  ,
        -13.299715  ,   29.062935  ,  -20.86632   ,   21.608942  ,
        -24.331242  ,   10.7288265 ,  -15.099052  ,    5.9375844 ,
        -11.788948  ,   -0.90746856,  -11.01456   ,   -0.19940789,
         -6.906149  ,   -1.2978159 ,   -6.3202825 ,   -2.6999989 ],
      dtype=float32)]",rock
"[array([-95.25766  , 103.813416 , -37.01362  ,  52.685883 , -20.752981 ,
        27.573769 , -17.5265   ,  24.807493 , -11.295161 ,  16.644753 ,
        -9.246779 ,  10.183925 ,  -8.78414  ,   1.8383   ,  -3.9530869,
         2.1714826,  -6.69774  ,   5.1020174,  -9.701118 ,  -3.960038 ],
      dtype=float32)]",rock
"[array([-2.4510092e+02,  9.5093445e+01, -2.1263948e+01,  4.5649635e+01,
       -3.5521014e+00,  1.4970440e+01, -2.0681795e+01,  1.9520777e+01,
       -2.1715769e+01,  7.3187175e+00, -9.2911673e+00,  8.1458414e-01,
       -1.3008130e+01,  6.2346775e-02, -8.2312555e+00,  1.0585309e+00,
       -8.0316029e+00, -3.9880127e-01, -4.3575134e+00, -4.2228279e+00],
      dtype=float32)]",rock
"[array([-123.67157  ,   94.753395 ,   -9.5527525,   53.26699  ,
        -13.762559 ,   17.746737 ,  -19.215258 ,   25.295883 ,
        -18.705511 ,   15.396704 ,  -12.512174 ,    9.378816 ,
        -11.60687  ,    0.6654833,   -6.9870534,    3.364005 ,
         -7.142924 ,    0.5123948,   -8.73698  ,   -1.4573003],
      dtype=float32)]",rock
"[array([-121.12452  ,   91.73827  ,  -14.719739 ,   52.961185 ,
        -11.417393 ,   31.010504 ,  -17.489897 ,   24.197327 ,
        -24.775946 ,   17.118109 ,  -15.880233 ,   10.380571 ,
         -8.630905 ,    7.14643  ,  -11.839627 ,    3.1697454,
        -10.362881 ,    1.5105858,  -10.358376 ,   -2.4793758],
      dtype=float32)]",rock
"[array([-203.34494  ,   85.4117   ,  -11.576989 ,   54.754364 ,
        -11.617433 ,   20.56847  ,  -27.760782 ,   18.873287 ,
        -31.642633 ,   10.700183 ,  -11.927795 ,    4.132147 ,
         -3.9985468,    1.7360578,   -7.907964 ,    4.3033795,
        -11.239042 ,   -1.1848903,   -5.032739 ,   -2.3639996],
      dtype=float32)]",rock
"[array([-2.0222345e+02,  7.5231430e+01, -1.4236297e+01,  6.6306335e+01,
       -8.2878523e+00,  2.4383793e+01, -1.6236677e+01,  1.7128633e+01,
       -2.1286032e+01,  3.9629781e+00, -1.9760389e+01,  4.8267356e-01,
       -4.5090637e+00, -5.3664742e+00, -8.9668713e+00, -4.1333735e-02,
       -8.0246696e+00, -5.1663888e-01, -6.7963386e+00, -8.4449711e+00],
      dtype=float32)]",rock
"[array([-79.81995  , 109.93669  , -17.13555  ,  47.21409  , -11.933717 ,
        33.32855  , -11.712043 ,  23.636423 , -13.6773205,  18.445545 ,
        -6.9493895,  13.0382805, -11.589943 ,   9.098724 ,  -5.9574623,
         4.9145265,  -8.714124 ,   3.7107124,  -5.1020746,   2.6278586],
      dtype=float32)]",rock
"[array([-95.375534  , 112.45124   ,  -2.0774407 ,  47.046688  ,
       -10.369908  ,  29.785522  , -15.113547  ,  20.186108  ,
       -12.673779  ,  16.497211  ,  -7.8592286 ,  11.876695  ,
       -11.1869955 ,   8.866213  ,  -4.952222  ,   0.92229277,
        -6.1117043 ,   3.2416008 ,  -8.060127  ,   0.73700464],
      dtype=float32)]",rock
"[array([-61.69562  , 103.5662   , -16.91641  ,  49.247673 , -14.815669 ,
        31.691504 , -17.215197 ,  24.615047 , -14.486075 ,  18.019432 ,
       -11.672711 ,  11.470351 ,  -9.824015 ,   8.85506  ,  -8.564864 ,
         4.4088693,  -8.275845 ,   1.5914819,  -7.034197 ,  -0.8262322],
      dtype=float32)]",rock
"[array([-83.36812   , 103.90498   , -13.954147  ,  56.912594  ,
       -14.43371   ,  32.197018  , -14.136274  ,  19.167463  ,
        -9.342845  ,  13.166685  , -11.730691  ,   8.401819  ,
        -9.400615  ,  10.225259  ,  -4.2135806 ,   5.6282663 ,
        -6.3784084 ,   1.8044477 ,  -5.576438  ,  -0.44022378],
      dtype=float32)]",rock
"[array([-113.657845  ,   94.94122   ,   -4.128477  ,   51.786396  ,
        -13.776981  ,   34.347267  ,  -17.60313   ,   22.537716  ,
        -12.411016  ,   17.204842  ,   -9.231343  ,    9.977349  ,
        -13.473844  ,    7.5857787 ,   -7.2646394 ,    3.645773  ,
         -8.463105  ,    0.39540544,   -9.240809  ,   -0.28658125],
      dtype=float32)]",rock
"[array([-132.39337   ,  124.67918   ,   -9.69277   ,   46.452026  ,
         -6.3060913 ,   30.534199  ,  -11.145722  ,   20.404236  ,
        -11.221901  ,    9.368879  ,   -5.829724  ,    7.8187475 ,
         -8.726418  ,    5.6184525 ,   -4.086974  ,   -0.63233453,
         -8.114819  ,   -0.6764859 ,   -7.606043  ,   -0.21058932],
      dtype=float32)]",rock
"[array([-103.96426  ,  101.90469  ,  -10.340274 ,   43.67058  ,
        -11.510563 ,   26.94337  ,   -9.995867 ,   25.0187   ,
        -14.213517 ,   19.713219 ,  -10.531306 ,   12.673636 ,
        -12.690149 ,    6.8567877,   -6.086405 ,    5.4609747,
         -6.2438927,   -1.4577036,   -8.2451515,   -3.2739828],
      dtype=float32)]",rock
"[array([-130.98306  ,  111.02361  ,   -2.1509995,   41.78348  ,
         -3.2020328,   34.655052 ,  -17.60973  ,   19.878576 ,
         -9.146214 ,   14.884945 ,   -6.846543 ,    9.2045965,
         -6.9707727,    6.3224635,   -9.627941 ,    0.5147618,
        -12.772728 ,   -4.8808675,   -2.5171676,   -3.1253643],
      dtype=float32)]",rock
"[array([-91.39275   , 112.11608   , -27.345358  ,  47.97841   ,
       -19.601683  ,  27.71872   , -18.550968  ,  17.433367  ,
       -13.161514  ,  14.41955   , -15.218308  ,  11.52615   ,
       -12.587086  ,   0.90485495, -10.441168  ,  -0.61186296,
       -13.481617  ,   3.3057272 ,  -3.7086513 ,   1.0857344 ],
      dtype=float32)]",rock
"[array([-87.96438   ,  93.53565   , -23.224026  ,  48.123466  ,
       -21.444712  ,  27.754807  , -20.335535  ,  18.751484  ,
       -15.218708  ,  16.133469  , -21.41218   ,  10.867748  ,
       -12.026507  ,   5.123499  ,  -7.3036647 ,   4.6613207 ,
       -10.165855  ,   5.499814  ,  -4.3694463 ,   0.31226495],
      dtype=float32)]",rock
"[array([-121.46697  ,   89.52725  ,  -33.490353 ,   41.959053 ,
        -25.940279 ,   23.04037  ,  -20.253145 ,   14.365855 ,
        -16.338194 ,   17.046362 ,  -16.961536 ,    9.144575 ,
        -10.106951 ,    4.2052097,   -9.360471 ,    1.6120547,
        -10.548402 ,    1.0753498,   -1.640031 ,    7.538744 ],
      dtype=float32)]",rock
"[array([-95.44648  ,  78.33685  , -26.221182 ,  44.241337 , -22.469746 ,
        29.748888 , -21.57327  ,  23.954361 , -16.57705  ,  20.47198  ,
       -19.63077  ,  13.887503 , -12.625713 ,   6.2481356,  -7.6665807,
         7.4061184,  -9.415544 ,   9.65207  ,  -3.7834232,   1.066947 ],
      dtype=float32)]",rock
"[array([-119.15098  ,  107.44224  ,  -10.973197 ,   58.555363 ,
        -12.933258 ,   26.83433  ,  -17.646807 ,   19.371737 ,
        -15.605269 ,   13.570684 ,  -16.67104  ,   11.870044 ,
        -12.196166 ,    5.2358336,   -6.1746464,    4.2526207,
         -8.040415 ,    3.5265963,   -7.6858068,   -1.3395647],
      dtype=float32)]",rock
"[array([-94.26873  ,  91.89087  , -17.601385 ,  45.527332 , -15.701893 ,
        32.635612 , -18.013712 ,  21.570967 , -15.723526 ,  16.806913 ,
       -18.290829 ,  13.340856 , -15.457929 ,   5.205465 , -11.220915 ,
         6.2067647,  -7.958713 ,   7.710797 ,  -4.605025 ,   0.5353574],
      dtype=float32)]",rock
"[array([-1.8550003e+02,  9.8925781e+01, -3.6442879e+01,  4.4427544e+01,
       -1.7759830e+01,  2.1284361e+01, -2.0293684e+01,  1.3771661e+01,
       -1.5498616e+01,  1.1033225e+01, -1.6787758e+01,  2.3346391e+00,
       -1.2634642e+01,  1.5081404e-01, -4.4001217e+00, -2.4655702e+00,
       -8.9664946e+00,  6.8722253e+00, -6.6973553e+00, -1.2077816e+00],
      dtype=float32)]",rock
"[array([-160.15704   ,   88.74145   ,  -35.476883  ,   47.4943    ,
        -12.60362   ,   17.301561  ,  -19.144144  ,   14.595069  ,
        -20.387825  ,   11.093687  ,  -11.144935  ,    7.699109  ,
         -9.863814  ,    6.9854503 ,  -10.138801  ,    3.0738516 ,
         -7.9530306 ,    0.69746596,   -4.9263062 ,   -2.6083064 ],
      dtype=float32)]",rock
"[array([-42.662823  , 102.988686  , -36.8779    ,  44.5166    ,
       -11.9962015 ,  25.576914  , -22.668953  ,  28.336857  ,
       -19.271854  ,  21.482964  , -15.258891  ,  11.748107  ,
       -11.575924  ,   4.7860646 , -13.024809  ,   4.361161  ,
       -11.952075  ,   0.89715636,  -0.47479376,   1.299921  ],
      dtype=float32)]",rock
"[array([-117.97405   ,   84.0584    ,  -50.267876  ,   46.049637  ,
        -17.698416  ,   20.855793  ,  -21.641117  ,   16.67161   ,
        -12.952743  ,   12.837912  ,  -13.080166  ,   11.31062   ,
        -12.596916  ,    4.381586  ,  -12.073298  ,    0.6698691 ,
         -6.7976236 ,    4.458886  ,    0.24022464,    0.44193253],
      dtype=float32)]",rock
"[array([-156.29813  ,  130.7896   ,  -25.229616 ,   43.48547  ,
        -12.138994 ,   25.392202 ,   -7.9401684,   17.616287 ,
         -8.628423 ,    9.566104 ,   -8.367283 ,    5.763708 ,
         -7.0483003,   -1.8863184,   -7.683533 ,    3.004139 ,
         -6.433903 ,   -1.3064599,   -7.830779 ,   -4.146004 ],
      dtype=float32)]",rock
"[array([-89.01616   ,  86.21833   , -24.412226  ,  47.093178  ,
       -33.65718   ,  29.464834  , -19.750496  ,  21.635778  ,
       -16.746689  ,   6.538771  , -13.391208  ,   7.4855866 ,
       -12.85139   ,   8.587705  ,  -7.8912563 ,  11.497619  ,
         0.67780876,   9.797574  ,  -2.1274853 ,   0.58618903],
      dtype=float32)]",rock
"[array([-74.30769  , 100.11084  , -47.357513 ,  49.609303 , -18.405361 ,
        24.60919  , -15.910987 ,  23.892094 , -22.828266 ,  23.324926 ,
       -16.943434 ,  14.924825 , -11.495659 ,   4.2203484, -13.625411 ,
         4.4772468, -11.660445 ,   4.3243303, -10.592984 ,  -0.847235 ],
      dtype=float32)]",rock
"[array([-70.11194   ,  94.16672   , -50.33251   ,  46.95689   ,
       -16.10815   ,  19.98747   , -23.955923  ,  16.344193  ,
       -22.179577  ,  14.427519  , -20.087427  ,  12.139044  ,
       -14.773107  ,   4.9046216 , -13.62448   ,   0.82260984,
       -15.060139  ,  -1.6115502 , -16.089869  ,  -2.1866074 ],
      dtype=float32)]",rock
"[array([-114.78572  ,  119.293335 ,  -50.734497 ,   42.62416  ,
         -6.7016063,   19.707987 ,  -16.883589 ,   19.394009 ,
        -17.410425 ,   17.302908 ,  -10.872791 ,    6.657836 ,
        -15.7666645,    3.5462644,   -7.7657857,    3.3836033,
         -7.6936946,    1.611691 ,  -10.708937 ,   -0.5419845],
      dtype=float32)]",rock
"[array([-90.24029  ,  80.06857  , -46.36335  ,  56.045547 ,  -8.092648 ,
        27.477394 , -17.326693 ,  22.967054 , -17.591236 ,  18.405153 ,
       -17.44015  ,   7.6492333, -19.298677 ,   1.1883795, -14.477152 ,
         4.5136366, -12.766622 ,   2.9947731,  -6.4113603,   2.2570848],
      dtype=float32)]",rock
"[array([-153.63005  ,  109.904785 ,  -23.091646 ,   59.014496 ,
         -7.5204816,   19.72855  ,  -16.488035 ,   18.078283 ,
        -22.212603 ,   15.408715 ,  -12.378634 ,   12.347538 ,
        -12.3100605,    5.7802954,  -10.265627 ,    1.8031518,
        -13.29347  ,    2.4838254,   -6.716792 ,   -1.1984035],
      dtype=float32)]",rock
"[array([-142.41621  ,  116.20546  ,  -32.160263 ,   49.11151  ,
         -8.389906 ,   22.885155 ,  -18.317211 ,   20.110556 ,
        -22.102661 ,   10.792425 ,  -12.998068 ,   14.083412 ,
        -16.392958 ,    4.1628456,   -4.3739843,    3.7363334,
        -10.860102 ,    1.8778213,   -7.4682636,   -2.7918549],
      dtype=float32)]",rock
"[array([-124.989655 ,  115.18234  ,  -47.985886 ,   52.820343 ,
        -13.493603 ,   21.751259 ,  -12.417659 ,   20.127153 ,
        -18.373243 ,   10.123631 ,  -16.045313 ,   10.477311 ,
        -17.955708 ,    1.2151546,  -11.5279045,    1.8380665,
        -12.851801 ,    3.4456987,  -12.589926 ,   -2.1043253],
      dtype=float32)]",rock
"[array([-225.03336   ,  123.657265  ,   -9.745124  ,   56.613846  ,
         10.42182   ,   20.64321   ,  -10.258778  ,   15.571303  ,
         -8.24035   ,   12.808757  ,   -9.006475  ,    7.6886306 ,
        -10.083799  ,   -0.25227854,   -5.282494  ,   -2.8108969 ,
         -4.421513  ,    1.5583626 ,   -5.0460777 ,   -3.587599  ],
      dtype=float32)]",rock
"[array([-2.3520059e+02,  1.2387175e+02, -2.2546131e+01,  5.2951675e+01,
       -1.4538206e+00,  2.4660511e+01, -7.0884738e+00,  1.4890100e+01,
       -1.2783066e+01,  1.6718231e+01, -2.9434726e+00,  1.0081299e+01,
       -1.5028531e+01,  3.1190753e+00, -7.1235514e+00,  1.7955873e+00,
       -7.0771871e+00,  2.3404432e-02, -2.0338798e+00,  1.1501081e+00],
      dtype=float32)]",rock
